{
  "math_complexity_1": {
    "accuracy": 0.0,
    "confidence": [
      0.7930071949958801,
      0.7944378852844238,
      0.7930189371109009,
      0.7922603487968445,
      0.7939927577972412,
      0.7933805584907532,
      0.7921690940856934,
      0.7922307252883911,
      0.7941845655441284,
      0.7925865650177002,
      0.793605625629425,
      0.7925902009010315,
      0.7933131456375122,
      0.7940083146095276,
      0.7932494282722473,
      0.7922471761703491,
      0.793441653251648,
      0.7941756844520569,
      0.7928599119186401,
      0.7925865650177002
    ],
    "reasoning_depths": [
      10,
      10,
      10,
      10,
      10,
      10,
      10,
      10,
      10,
      10,
      10,
      10,
      10,
      10,
      10,
      10,
      10,
      10,
      10,
      10
    ],
    "consistency_scores": [
      0.9020085334777832,
      0.8995927572250366,
      0.9019906520843506,
      0.9028401374816895,
      0.9001818895339966,
      0.9011218547821045,
      0.9029319286346436,
      0.902824878692627,
      0.9000567197799683,
      0.9023575186729431,
      0.9007955193519592,
      0.902502179145813,
      0.9016639590263367,
      0.9002286791801453,
      0.9015220999717712,
      0.9028595685958862,
      0.9011692404747009,
      0.8998863101005554,
      0.9022019505500793,
      0.9023575186729431
    ],
    "convergence_times": [
      9,
      9,
      9,
      9,
      9,
      9,
      9,
      9,
      9,
      9,
      9,
      9,
      9,
      9,
      9,
      9,
      9,
      9,
      9,
      9
    ],
    "total_reward": 0.8473610058426857
  },
  "math_complexity_2": {
    "accuracy": 0.0,
    "confidence": [
      0.7954347729682922,
      0.7950247526168823,
      0.7952257394790649,
      0.795510470867157,
      0.7955617308616638,
      0.7949275970458984,
      0.7943838238716125,
      0.7956733703613281,
      0.7955700159072876,
      0.7951547503471375,
      0.795461893081665,
      0.7951292991638184,
      0.7952337861061096,
      0.7949820756912231,
      0.7954238057136536,
      0.7955350875854492,
      0.7945410013198853,
      0.7954548001289368,
      0.7955440878868103,
      0.7950867414474487
    ],
    "reasoning_depths": [
      10,
      10,
      10,
      10,
      10,
      10,
      10,
      10,
      10,
      10,
      10,
      10,
      10,
      10,
      10,
      10,
      10,
      10,
      10,
      10
    ],
    "consistency_scores": [
      0.8987720608711243,
      0.8983191847801208,
      0.8975886106491089,
      0.8986276388168335,
      0.8986519575119019,
      0.8989201784133911,
      0.8998565673828125,
      0.8982335925102234,
      0.8986899852752686,
      0.8980263471603394,
      0.8987820744514465,
      0.8993636965751648,
      0.898091197013855,
      0.8985180854797363,
      0.8985967040061951,
      0.898597002029419,
      0.8996748328208923,
      0.8988649845123291,
      0.8986493945121765,
      0.8983654975891113
    ],
    "convergence_times": [
      9,
      9,
      9,
      9,
      9,
      9,
      9,
      9,
      9,
      9,
      9,
      9,
      9,
      9,
      9,
      9,
      9,
      9,
      9,
      9
    ],
    "total_reward": 0.8469512298703193
  },
  "math_complexity_3": {
    "accuracy": 0.0,
    "confidence": [
      0.7956238985061646,
      0.7947463989257812,
      0.7956202626228333,
      0.7949649095535278,
      0.7951335906982422,
      0.7951498031616211,
      0.7937900424003601,
      0.7946993112564087,
      0.7949776649475098,
      0.7950398921966553,
      0.7949340343475342,
      0.7952617406845093,
      0.7956433892250061,
      0.7950178980827332,
      0.7947937846183777,
      0.7954241037368774,
      0.7953686118125916,
      0.794877827167511,
      0.7954174876213074,
      0.794567346572876
    ],
    "reasoning_depths": [
      10,
      10,
      10,
      10,
      10,
      10,
      10,
      10,
      10,
      10,
      10,
      10,
      10,
      10,
      10,
      10,
      10,
      10,
      10,
      10
    ],
    "consistency_scores": [
      0.8984324336051941,
      0.8990039825439453,
      0.8985751867294312,
      0.8983362317085266,
      0.8992447257041931,
      0.8991813063621521,
      0.900460422039032,
      0.8997008204460144,
      0.8993993997573853,
      0.8995629549026489,
      0.899407684803009,
      0.8989065885543823,
      0.8985675573348999,
      0.8986812233924866,
      0.8986414670944214,
      0.8986920118331909,
      0.8989889621734619,
      0.8987618088722229,
      0.8988531231880188,
      0.8998501300811768
    ],
    "convergence_times": [
      9,
      9,
      9,
      9,
      9,
      9,
      9,
      9,
      9,
      9,
      9,
      9,
      9,
      9,
      9,
      9,
      9,
      9,
      9,
      9
    ],
    "total_reward": 0.8470575004816054
  },
  "math_complexity_4": {
    "accuracy": 0.0,
    "confidence": [
      0.7951474785804749,
      0.7946146130561829,
      0.7947570085525513,
      0.7951158881187439,
      0.7949700951576233,
      0.7949221730232239,
      0.7947486639022827,
      0.7950966954231262,
      0.795026957988739,
      0.7949912548065186,
      0.7952061891555786,
      0.7948246002197266,
      0.794387936592102,
      0.7952154874801636,
      0.7951340675354004,
      0.795221209526062,
      0.795189380645752,
      0.7945570349693298,
      0.7951745390892029,
      0.7949891686439514
    ],
    "reasoning_depths": [
      10,
      10,
      10,
      10,
      10,
      10,
      10,
      10,
      10,
      10,
      10,
      10,
      10,
      10,
      10,
      10,
      10,
      10,
      10,
      10
    ],
    "consistency_scores": [
      0.8988541960716248,
      0.8996015191078186,
      0.8995221257209778,
      0.8989624381065369,
      0.8983161449432373,
      0.8991066217422485,
      0.8997141122817993,
      0.8984066247940063,
      0.8989480137825012,
      0.8983268737792969,
      0.8986628651618958,
      0.8991339802742004,
      0.899963915348053,
      0.8987498879432678,
      0.8988981246948242,
      0.8988798260688782,
      0.898878276348114,
      0.8998410701751709,
      0.8987946510314941,
      0.8992266058921814
    ],
    "convergence_times": [
      9,
      9,
      9,
      9,
      9,
      9,
      9,
      9,
      9,
      9,
      9,
      9,
      9,
      9,
      9,
      9,
      9,
      9,
      9,
      9
    ],
    "total_reward": 0.8470019578933716
  },
  "math_complexity_5": {
    "accuracy": 0.3,
    "confidence": [
      0.7948237657546997,
      0.7935794591903687,
      0.7940288186073303,
      0.7955061197280884,
      0.795098602771759,
      0.7957394123077393,
      0.793972373008728,
      0.7942174673080444,
      0.7957928776741028,
      0.7954532504081726,
      0.7957428097724915,
      0.7946230173110962,
      0.7956562042236328,
      0.7947927713394165,
      0.7953035235404968,
      0.7940530776977539,
      0.7951634526252747,
      0.7955231666564941,
      0.7943063974380493,
      0.7947759032249451
    ],
    "reasoning_depths": [
      10,
      10,
      10,
      10,
      10,
      10,
      10,
      10,
      10,
      10,
      10,
      10,
      10,
      10,
      10,
      10,
      10,
      10,
      10,
      10
    ],
    "consistency_scores": [
      0.9001181721687317,
      0.9045455455780029,
      0.9031888842582703,
      0.8984276056289673,
      0.8979710936546326,
      0.8980581164360046,
      0.9022163152694702,
      0.9001911878585815,
      0.8979544639587402,
      0.8985379338264465,
      0.8979560732841492,
      0.9001652002334595,
      0.8986243605613708,
      0.9004423022270203,
      0.8980816602706909,
      0.9019533395767212,
      0.8994889855384827,
      0.8986316919326782,
      0.9019501209259033,
      0.8991307020187378
    ],