{
  "start_time": "2025-09-02T17:53:24.198550",
  "config": {
    "model": {
      "input_dim": 64,
      "hidden_dim": 256,
      "max_reasoning_steps": 10,
      "dropout_rate": 0.1,
      "device": "cuda"
    },
    "training": {
      "learning_rate": 0.0001,
      "batch_size": 16,
      "max_epochs": 100,
      "patience": 10,
      "validation_split": 0.2,
      "initial_complexity": 1,
      "max_complexity": 5,
      "complexity_threshold": 0.65,
      "min_steps_per_level": 20,
      "min_accuracy_threshold": 0.1,
      "use_flexible_criteria": true,
      "consistency_weight": 0.8,
      "confidence_weight": 0.1,
      "validation_weight": 0.1,
      "save_every": 10
    },
    "problems": {
      "domains": [
        "math",
        "logic",
        "pattern"
      ],
      "complexity_range": [
        1,
        10
      ],
      "problems_per_complexity": 100,
      "validation_problems": 20
    },
    "experiment": {
      "experiment_name": "autonomous_reasoning_v1",
      "log_dir": "logs",
      "results_dir": "results",
      "tensorboard_enabled": true,
      "save_reasoning_traces": true,
      "metrics_to_track": [
        "accuracy",
        "consistency",
        "confidence",
        "reasoning_depth",
        "convergence_time"
      ]
    },
    "random_seed": 42,
    "log_level": "INFO",
    "use_mixed_precision": true,
    "compile_model": false
  },
  "epochs": [],
  "best_performance": {
    "accuracy": 0.5,
    "confidence": [
      0.7902767658233643,
      0.7919150590896606,
      0.7919532656669617,
      0.7916637659072876,
      0.7897289395332336,
      0.7914705276489258,
      0.7912697196006775,
      0.7912190556526184,
      0.7909843325614929,
      0.7914013862609863,
      0.7916752696037292,
      0.7901681065559387,
      0.7912405133247375,
      0.7913455367088318,
      0.7914085984230042,
      0.7903347015380859,
      0.7900987267494202,
      0.7905823588371277,
      0.790464460849762,
      0.7882272005081177
    ],
    "reasoning_depths": [
      10,
      10,
      10,
      10,
      10,
      10,
      10,
      10,
      10,
      10,
      10,
      10,
      10,
      10,
      10,
      10,
      10,
      10,
      10,
      10
    ],
    "consistency_scores": [
      0.9029968976974487,
      0.8990879058837891,
      0.8992639183998108,
      0.8991438150405884,
      0.9018746018409729,
      0.899592399597168,
      0.9006129503250122,
      0.8992592692375183,
      0.9009072780609131,
      0.9005501866340637,
      0.8999022245407104,
      0.9031124711036682,
      0.9011672139167786,
      0.898526668548584,
      0.8986325263977051,
      0.9019638299942017,
      0.9025089740753174,
      0.901206910610199,
      0.9039006233215332,
      0.9042516946792603
    ],
    "convergence_times": [
      9,
      9,
      9,
      9,
      9,
      9,
      9,
      9,
      9,
      9,
      9,
      9,
      9,
      9,
      9,
      9,
      9,
      9,
      9,
      9
    ],
    "total_reward": 0.7130519269935205,
    "loss": 0.029473914206027983,
    "consistency_score": 0.7517772500504943,
    "confidence_score": 0.80255126953125,
    "reasoning_depth": 10.0,
    "reward": 0.7130519269935205,
    "complexity": 5,
    "domain": "math",
    "global_step": 90,
    "epoch": 90
  },
  "complexity_progression": [
    {
      "complexity": 1,
      "evaluation": {
        "math": {
          "accuracy": 0.1,
          "confidence": [
            0.804231584072113,
            0.799996018409729,
            0.8041341304779053,
            0.7970219254493713,
            0.7985702753067017,
            0.7981489896774292,
            0.7985629439353943,
            0.7939083576202393,
            0.7987058162689209,
            0.7986883521080017,
            0.7956080436706543,
            0.7951571345329285,
            0.7971961498260498,
            0.7968921661376953,
            0.7940890789031982,
            0.794146716594696,
            0.797631025314331,
            0.7952295541763306,
            0.8009034395217896,
            0.7980268597602844
          ],
          "reasoning_depths": [
            10,
            10,
            10,
            10,
            10,
            10,
            10,
            10,
            10,
            10,
            10,
            10,
            10,
            10,
            10,
            10,
            10,
            10,
            10,
            10
          ],
          "consistency_scores": [
            0.8919270038604736,
            0.8971579670906067,
            0.8918428421020508,
            0.901034414768219,
            0.898862361907959,
            0.8997427821159363,
            0.898612916469574,
            0.9041834473609924,
            0.8987051248550415,
            0.8990869522094727,
            0.9024189710617065,
            0.9029842615127563,
            0.9005017876625061,
            0.9008593559265137,
            0.9039952158927917,
            0.9040066003799438,
            0.9003189206123352,
            0.9028192162513733,
            0.8959231972694397,
            0.8992882966995239
          ],
          "convergence_times": [
            9,
            9,
            9,
            9,
            9,
            9,
            9,
            9,
            9,
            9,
            9,
            9,
            9,
            9,
            9,
            9,
            9,
            9,
            9,
            9
          ],
          "total_reward": 0.8487780049443245
        }
      },
      "step": 20
    },
    {
      "complexity": 2,
      "evaluation": {
        "math": {
          "accuracy": 0.0,
          "confidence": [
            0.7953966856002808,
            0.79621422290802,
            0.7938241362571716,
            0.7969065308570862,
            0.7962252497673035,
            0.7965604066848755,
            0.7971817255020142,
            0.794598400592804,
            0.7964273691177368,
            0.7965409159660339,
            0.7948277592658997,
            0.7937097549438477,
            0.7963934540748596,
            0.7965308427810669,
            0.7970904111862183,
            0.7944039702415466,
            0.7951992750167847,
            0.7922424674034119,
            0.795708179473877,
            0.7955663800239563
          ],
          "reasoning_depths": [
            10,
            10,
            10,
            10,
            10,
            10,
            10,
            10,
            10,
            10,
            10,
            10,
            10,
            10,
            10,
            10,
            10,
            10,
            10,
            10
          ],
          "consistency_scores": [
            0.8990265130996704,
            0.898460328578949,
            0.9011116623878479,
            0.8987666368484497,
            0.89838045835495,
            0.8990183472633362,
            0.8998168110847473,
            0.9004449248313904,
            0.8990544080734253,
            0.8984158635139465,
            0.900046706199646,
            0.9010612368583679,
            0.8980671167373657,
            0.8990472555160522,
            0.9004649519920349,
            0.9001566767692566,
            0.899057149887085,
            0.9025893807411194,
            0.8984997272491455,
            0.898942232131958
          ],
          "convergence_times": [
            9,
            9,
            9,
            9,
            9,
            9,
            9,
            9,
            9,
            9,
            9,
            9,
            9,
            9,
            9,
            9,
            9,
            9,
            9,
            9
          ],
          "total_reward": 0.8475494131445884
        }
      },
      "step": 40
    },
    {
      "complexity": 3,
      "evaluation": {
        "math": {
          "accuracy": 0.05,