{
  "math_complexity_1": {
    "accuracy": 0.1,
    "confidence": [
      0.79207843542099,
      0.7916499376296997,
      0.7918222546577454,
      0.7918024063110352,
      0.7940808534622192,
      0.7920227646827698,
      0.7916412949562073,
      0.7939031720161438,
      0.7915094494819641,
      0.7945755124092102,
      0.7928435206413269,
      0.7918035984039307,
      0.794553279876709,
      0.7940806150436401,
      0.7937558889389038,
      0.792519211769104,
      0.7916490435600281,
      0.7925230264663696,
      0.7922317981719971,
      0.7916505336761475
    ],
    "reasoning_depths": [
      10,
      10,
      10,
      10,
      10,
      10,
      10,
      10,
      10,
      10,
      10,
      10,
      10,
      10,
      10,
      10,
      10,
      10,
      10,
      10
    ],
    "consistency_scores": [
      0.9044269323348999,
      0.9047514796257019,
      0.9047346115112305,
      0.9046763777732849,
      0.9021995663642883,
      0.904482364654541,
      0.904848575592041,
      0.9025114178657532,
      0.9049711227416992,
      0.9015450477600098,
      0.9033287763595581,
      0.904586911201477,
      0.9018124341964722,
      0.9022549390792847,
      0.9026734828948975,
      0.9036883115768433,
      0.9048820734024048,
      0.9038302898406982,
      0.9042407274246216,
      0.9047716856002808
    ],
    "convergence_times": [
      9,
      9,
      9,
      9,
      9,
      9,
      9,
      9,
      9,
      9,
      9,
      9,
      9,
      9,
      9,
      9,
      9,
      9,
      9,
      9
    ],
    "total_reward": 0.8481978431344033
  },
  "math_complexity_2": {
    "accuracy": 0.0,
    "confidence": [
      0.7948007583618164,
      0.7969501614570618,
      0.7963790893554688,
      0.7965806126594543,
      0.7957483530044556,
      0.7963529229164124,
      0.7961888313293457,
      0.7961314916610718,
      0.7969244122505188,
      0.7957982420921326,
      0.7967898845672607,
      0.7968164086341858,
      0.7924360036849976,
      0.7961225509643555,
      0.7960078120231628,
      0.7961998581886292,
      0.7958112359046936,
      0.7966065406799316,
      0.7965472340583801,
      0.7957795262336731
    ],
    "reasoning_depths": [
      10,
      10,
      10,
      10,
      10,
      10,
      10,
      10,
      10,
      10,
      10,
      10,
      10,
      10,
      10,
      10,
      10,
      10,
      10,
      10
    ],
    "consistency_scores": [
      0.9007818102836609,
      0.8987545371055603,
      0.8982252478599548,
      0.898304283618927,
      0.9005669355392456,
      0.8998667001724243,
      0.8986456394195557,
      0.8984079957008362,
      0.8989130258560181,
      0.8994606137275696,
      0.8987325429916382,
      0.8985479474067688,
      0.9038567543029785,
      0.8989983797073364,
      0.8986985087394714,
      0.8998376727104187,
      0.9005128741264343,
      0.8986766338348389,
      0.899739682674408,
      0.9006373882293701
    ],
    "convergence_times": [
      9,
      9,
      9,
      9,
      9,
      9,
      9,
      9,
      9,
      9,
      9,
      9,
      9,
      9,
      9,
      9,
      9,
      9,
      9,
      9
    ],
    "total_reward": 0.8477784276008606
  },
  "math_complexity_3": {
    "accuracy": 0.0,
    "confidence": [
      0.793790876865387,
      0.7947474122047424,
      0.7968854308128357,
      0.7933703660964966,
      0.7966846227645874,
      0.7969003319740295,
      0.7945461869239807,
      0.7963530421257019,
      0.7969444990158081,
      0.7939639091491699,
      0.7958395481109619,
      0.7963964343070984,
      0.7948740720748901,
      0.7942845821380615,
      0.7929625511169434,
      0.7956063747406006,
      0.7966195940971375,
      0.7964614033699036,
      0.7969457507133484,
      0.7939980030059814
    ],
    "reasoning_depths": [
      10,
      10,
      10,
      10,
      10,
      10,
      10,
      10,
      10,
      10,
      10,
      10,
      10,
      10,
      10,
      10,
      10,
      10,
      10,
      10
    ],
    "consistency_scores": [
      0.9027655720710754,
      0.9009168744087219,
      0.8985791206359863,
      0.9028002023696899,
      0.8997212052345276,
      0.8986691236495972,
      0.9020391702651978,
      0.8983063101768494,
      0.8988052606582642,
      0.9026355147361755,
      0.9007450342178345,
      0.8986734747886658,
      0.9007012248039246,
      0.902342677116394,
      0.903219997882843,
      0.9008585214614868,
      0.8994747996330261,
      0.8987020254135132,
      0.8987447023391724,
      0.9022629261016846
    ],
    "convergence_times": [
      9,
      9,
      9,
      9,
      9,
      9,
      9,
      9,
      9,
      9,
      9,
      9,
      9,
      9,
      9,
      9,
      9,
      9,
      9,
      9
    ],
    "total_reward": 0.8479784682393074
  },
  "math_complexity_4": {
    "accuracy": 0.0,
    "confidence": [
      0.7958230376243591,
      0.7960553169250488,
      0.795786440372467,
      0.796287477016449,
      0.7964157462120056,
      0.7952771186828613,
      0.7943755388259888,
      0.7962205410003662,
      0.7965134978294373,
      0.7956767082214355,
      0.7936608791351318,
      0.7946221828460693,
      0.7963854074478149,
      0.7965108156204224,
      0.7962584495544434,
      0.7962607145309448,
      0.7962236404418945,
      0.7963129878044128,
      0.7957542538642883,
      0.7960723638534546
    ],
    "reasoning_depths": [
      10,
      10,
      10,
      10,
      10,
      10,
      10,
      10,
      10,
      10,
      10,
      10,
      10,
      10,
      10,
      10,
      10,
      10,
      10,
      10
    ],
    "consistency_scores": [
      0.900133490562439,
      0.8997809886932373,
      0.9000756740570068,
      0.8993346691131592,
      0.8993373513221741,
      0.9006837606430054,
      0.9019830822944641,
      0.8989542722702026,
      0.8988773226737976,
      0.9003022909164429,
      0.9029278755187988,
      0.901792585849762,
      0.8992034792900085,
      0.8993073105812073,
      0.8994730710983276,
      0.8992823958396912,
      0.8995227217674255,
      0.8988901972770691,
      0.9003090262413025,
      0.899917483329773
    ],
    "convergence_times": [
      9,
      9,
      9,
      9,
      9,
      9,
      9,
      9,
      9,
      9,
      9,
      9,
      9,
      9,
      9,
      9,
      9,
      9,
      9,
      9
    ],
    "total_reward": 0.8479145541787148
  },
  "math_complexity_5": {
    "accuracy": 0.35,
    "confidence": [
      0.7970272302627563,
      0.7969253659248352,
      0.7967625856399536,
      0.7958649396896362,
      0.7969096302986145,
      0.794472336769104,
      0.7940078377723694,
      0.7967681884765625,
      0.7968031167984009,
      0.795016884803772,
      0.7961350679397583,
      0.7969084978103638,
      0.7968131303787231,
      0.7968440651893616,
      0.7965322136878967,
      0.7968586683273315,
      0.7960301041603088,
      0.7968263030052185,
      0.7966706156730652,
      0.7967113256454468
    ],
    "reasoning_depths": [
      10,
      10,
      10,
      10,
      10,
      10,
      10,
      10,
      10,
      10,
      10,
      10,
      10,
      10,
      10,
      10,
      10,
      10,
      10,
      10
    ],
    "consistency_scores": [
      0.898911714553833,
      0.899170994758606,
      0.8989477157592773,
      0.90213543176651,
      0.898597002029419,
      0.9009823799133301,
      0.9020609259605408,
      0.8987600207328796,
      0.8986239433288574,
      0.9015846848487854,
      0.9022526144981384,
      0.8983622193336487,
      0.8984640836715698,
      0.8988128900527954,
      0.9000630378723145,
      0.8995709419250488,
      0.9017475247383118,
      0.8992612957954407,
      0.8985978960990906,
      0.8996033668518066
    ],