{
  "start_time": "2025-09-02T18:43:48.603280",
  "config": {
    "model": {
      "input_dim": 64,
      "hidden_dim": 256,
      "max_reasoning_steps": 10,
      "dropout_rate": 0.1,
      "device": "cuda"
    },
    "training": {
      "learning_rate": 0.0001,
      "batch_size": 16,
      "max_epochs": 100,
      "patience": 10,
      "validation_split": 0.2,
      "initial_complexity": 1,
      "max_complexity": 5,
      "complexity_threshold": 0.65,
      "min_steps_per_level": 20,
      "min_accuracy_threshold": 0.1,
      "use_flexible_criteria": true,
      "consistency_weight": 0.8,
      "confidence_weight": 0.1,
      "validation_weight": 0.1,
      "save_every": 10
    },
    "problems": {
      "domains": [
        "math",
        "logic",
        "pattern"
      ],
      "complexity_range": [
        1,
        10
      ],
      "problems_per_complexity": 100,
      "validation_problems": 20
    },
    "experiment": {
      "experiment_name": "autonomous_reasoning_v1",
      "log_dir": "logs",
      "results_dir": "results",
      "tensorboard_enabled": true,
      "save_reasoning_traces": true,
      "metrics_to_track": [
        "accuracy",
        "consistency",
        "confidence",
        "reasoning_depth",
        "convergence_time"
      ]
    },
    "random_seed": 42,
    "log_level": "INFO",
    "use_mixed_precision": true,
    "compile_model": false
  },
  "epochs": [],
  "best_performance": {
    "accuracy": 0.35,
    "confidence": [
      0.7936731576919556,
      0.7939241528511047,
      0.7914254665374756,
      0.7943670153617859,
      0.7935725450515747,
      0.7944050431251526,
      0.7937741279602051,
      0.7943572402000427,
      0.7941991686820984,
      0.7925915122032166,
      0.7927724719047546,
      0.7943621277809143,
      0.7897783517837524,
      0.7935751080513,
      0.7900863885879517,
      0.7942953705787659,
      0.7940835356712341,
      0.7943428158760071,
      0.7941295504570007,
      0.7940953969955444
    ],
    "reasoning_depths": [
      10,
      10,
      10,
      10,
      10,
      10,
      10,
      10,
      10,
      10,
      10,
      10,
      10,
      10,
      10,
      10,
      10,
      10,
      10,
      10
    ],
    "consistency_scores": [
      0.9017462134361267,
      0.8994296789169312,
      0.9021902084350586,
      0.8982836008071899,
      0.8984630703926086,
      0.8991367816925049,
      0.8989182710647583,
      0.8990345001220703,
      0.8989240527153015,
      0.9011550545692444,
      0.900097131729126,
      0.8992194533348083,
      0.9044256210327148,
      0.8984665870666504,
      0.9038877487182617,
      0.8983017206192017,
      0.8999316096305847,
      0.8989330530166626,
      0.8985537886619568,
      0.8999444246292114
    ],
    "convergence_times": [
      9,
      9,
      9,
      9,
      9,
      9,
      9,
      9,
      9,
      9,
      9,
      9,
      9,
      9,
      9,
      9,
      9,
      9,
      9,
      9
    ],
    "total_reward": 0.714709846695845,
    "loss": 0.028485284373164176,
    "consistency_score": 0.7512706091510561,
    "confidence_score": 0.80068359375,
    "reasoning_depth": 10.0,
    "reward": 0.714709846695845,
    "complexity": 5,
    "domain": "math",
    "global_step": 90,
    "epoch": 90
  },
  "complexity_progression": [
    {
      "complexity": 1,
      "evaluation": {
        "math": {
          "accuracy": 0.0,
          "confidence": [
            0.8024978637695312,
            0.8046998381614685,
            0.8065534830093384,
            0.8028300404548645,
            0.8025109171867371,
            0.8063564300537109,
            0.8058605194091797,
            0.8052971959114075,
            0.8020924925804138,
            0.8022566437721252,
            0.803377091884613,
            0.8043193221092224,
            0.8023766279220581,
            0.8074553608894348,
            0.8028101921081543,
            0.804646372795105,
            0.8023735284805298,
            0.8045456409454346,
            0.8049344420433044,
            0.8031522631645203
          ],
          "reasoning_depths": [
            10,
            10,
            10,
            10,
            10,
            10,
            10,
            10,
            10,
            10,
            10,
            10,
            10,
            10,
            10,
            10,
            10,
            10,
            10,
            10
          ],
          "consistency_scores": [
            0.9012684226036072,
            0.8986375331878662,
            0.8954511880874634,
            0.9007582068443298,
            0.9013433456420898,
            0.8960445523262024,
            0.8973857760429382,
            0.8975200057029724,
            0.9017601013183594,
            0.9015648365020752,
            0.900354266166687,
            0.8988340497016907,
            0.9013733863830566,
            0.894875168800354,
            0.9008785486221313,
            0.8984445929527283,
            0.9013464450836182,
            0.8985864520072937,
            0.8983891606330872,
            0.9005030393600464
          ],
          "convergence_times": [
            9,
            9,
            9,
            9,
            9,
            9,
            9,
            9,
            9,
            9,
            9,
            9,
            9,
            9,
            9,
            9,
            9,
            9,
            9,
            9
          ],
          "total_reward": 0.8516566336154938
        }
      },
      "step": 20
    },
    {
      "complexity": 2,
      "evaluation": {
        "math": {
          "accuracy": 0.05,
          "confidence": [
            0.7962424159049988,
            0.7962749004364014,
            0.7941191792488098,
            0.7966294288635254,
            0.7963769435882568,
            0.7952448725700378,
            0.794405996799469,
            0.7926989197731018,
            0.7967396974563599,
            0.7959373593330383,
            0.7968457341194153,
            0.7944576144218445,
            0.7966867685317993,
            0.7964629530906677,
            0.7964621782302856,
            0.7964048385620117,
            0.7951770424842834,
            0.7960671186447144,
            0.7962114810943604,
            0.7960318922996521
          ],
          "reasoning_depths": [
            10,
            10,
            10,
            10,
            10,
            10,
            10,
            10,
            10,
            10,
            10,
            10,
            10,
            10,
            10,
            10,
            10,
            10,
            10,
            10
          ],
          "consistency_scores": [
            0.8984942436218262,
            0.9026975631713867,
            0.9015005826950073,
            0.8990508317947388,
            0.8990364670753479,
            0.8991391658782959,
            0.9003128409385681,
            0.9030429720878601,
            0.8998330235481262,
            0.9007309079170227,
            0.8994643688201904,
            0.9003573656082153,
            0.8989893198013306,
            0.9017003178596497,
            0.9014294743537903,
            0.8990728855133057,
            0.8994691967964172,
            0.8996109962463379,
            0.8983169198036194,
            0.8982299566268921
          ],
          "convergence_times": [
            9,
            9,
            9,
            9,
            9,
            9,
            9,
            9,
            9,
            9,
            9,
            9,
            9,
            9,
            9,
            9,
            9,
            9,
            9,
            9
          ],
          "total_reward": 0.8478989183902741
        }
      },
      "step": 40
    },
    {
      "complexity": 3,
      "evaluation": {
        "math": {
          "accuracy": 0.05,